Q4ACX1	L171R	O43765
O75603	G63S	Q96LI6
P40259	G137S	O43765
Q14565	I288T	G5EA09
Q8TCD5	R179W	V9HWF3
Q8NI60	R213W	Q9UI14
Q6P1J9	R91P	Q08379
Q9UM82	L443F	Q12933
Q8NI60	G272V	A0A1L5BXV2
P35219	S100P	Q96PJ7
Q14376	E165K	A0A384NL38
P35609	M604V	Q9NPC6
O43395	A489D	A7E2D6
P35520	G85R	Q8IV36
Q9NQT4	R178W	Q96B26
Q9NX47	D202N	X6REH9
P30281	E253D	P38936
O95630	R255H	Q15645
Q8WWY3	L107V	A0A3B0J271
Q8WW24	M374V	Q7Z3H3
P14136	R406G	Q9UGJ1
Q96C24	M646I	B4DMG1
A0A494C0X7	S138P	Q7Z3S9
B2CKC5	M448T	Q9UKT9
Q96C00	S173C	Q1I0L3
A0A0S2Z457	N419I	Q08379
Q96S44	T129A	Q9Y3C4
P55347	E103D	P26583
O43281	A140D	E7ERP6
O43186	A158T	P35219
P15884	N90S	Q9H4E7
P04637	G293W	Q13625
Q7Z3S9	R74Q	E9PHR9
Q96IK5	R457H	B7Z600
P30281	S259A	P11802
Q96CN9	A274T	Q86XR8
Q6PHW0	A220T	H0YL66
Q8WW24	R64W	Q6P9E2
Q9BYU1	T283M	Q9UBB9
Q9NZD8	A180T	B3KPL5
